-- MySQL dump 10.13  Distrib 8.0.34, for Linux (x86_64)
--
-- Host: localhost    Database: collabio
-- ------------------------------------------------------
-- Server version	8.0.34-0ubuntu0.20.04.1

/*!40101 SET @OLD_CHARACTER_SET_CLIENT=@@CHARACTER_SET_CLIENT */;
/*!40101 SET @OLD_CHARACTER_SET_RESULTS=@@CHARACTER_SET_RESULTS */;
/*!40101 SET @OLD_COLLATION_CONNECTION=@@COLLATION_CONNECTION */;
/*!50503 SET NAMES utf8mb4 */;
/*!40103 SET @OLD_TIME_ZONE=@@TIME_ZONE */;
/*!40103 SET TIME_ZONE='+00:00' */;
/*!40014 SET @OLD_UNIQUE_CHECKS=@@UNIQUE_CHECKS, UNIQUE_CHECKS=0 */;
/*!40014 SET @OLD_FOREIGN_KEY_CHECKS=@@FOREIGN_KEY_CHECKS, FOREIGN_KEY_CHECKS=0 */;
/*!40101 SET @OLD_SQL_MODE=@@SQL_MODE, SQL_MODE='NO_AUTO_VALUE_ON_ZERO' */;
/*!40111 SET @OLD_SQL_NOTES=@@SQL_NOTES, SQL_NOTES=0 */;

--
-- Table structure for table `messages`
--

DROP TABLE IF EXISTS `messages`;
/*!40101 SET @saved_cs_client     = @@character_set_client */;
/*!50503 SET character_set_client = utf8mb4 */;
CREATE TABLE `messages` (
  `message_id` char(36) NOT NULL,
  `sender_name` varchar(255) NOT NULL,
  `sender_email` varchar(255) NOT NULL,
  `receiver_name` varchar(255) NOT NULL,
  `receiver_email` varchar(255) NOT NULL,
  `message` varchar(255) NOT NULL,
  `timestamp` varchar(255) NOT NULL,
  `status` varchar(255) NOT NULL,
  PRIMARY KEY (`message_id`),
  KEY `sender_email` (`sender_email`),
  KEY `receiver_email` (`receiver_email`),
  CONSTRAINT `messages_ibfk_1` FOREIGN KEY (`sender_email`) REFERENCES `users` (`email`),
  CONSTRAINT `messages_ibfk_2` FOREIGN KEY (`receiver_email`) REFERENCES `users` (`email`)
) ENGINE=InnoDB DEFAULT CHARSET=utf8mb4 COLLATE=utf8mb4_0900_ai_ci;
/*!40101 SET character_set_client = @saved_cs_client */;

--
-- Dumping data for table `messages`
--

LOCK TABLES `messages` WRITE;
/*!40000 ALTER TABLE `messages` DISABLE KEYS */;
INSERT INTO `messages` VALUES ('1587146e-efe0-4d03-8b7c-843eaea66ad4','Ola Smith','olasmith@gmail.com','Dennis Akpotaire','dennisthebusinessguru@gmail.com','Okay Dennis. Can you tell me a bit about your background?','1693839777105838','sent'),('20ed1229-d443-450d-bf4f-007652bde6e6','Alimat Sadiat','alimatsadiat@gmail.com','Dennis Akpotaire','dennisthebusinessguru@gmail.com','I\'m good too...','1693839974387913','sent'),('232025c0-536c-4489-ab51-753f69fc8c43','Dennis Akpotaire','dennisthebusinessguru@gmail.com','Ola Smith','olasmith@gmail.com','Hi Ola. I\'m interested in collaborating with you on your latest project.\nRegards,\nDennis','1693839735686094','sent'),('25c1dc0f-0512-44c3-b918-03aa655e5360','Shasha T N','hilarytn@gmail.com','Denny Akpos','dennisthebusinessguru@gmail.com','hello','2023-09-12 16:59:26','sent'),('306c62c0-59da-476a-9c61-3a48efd3ca78','Dennis Akpotaire','dennisthebusinessguru@gmail.com','Ola Smith','olasmith@gmail.com','Yes sure... I will.','1693839798594344','sent'),('4ae36838-d53e-44ca-849b-708bb0b5d224','Ola Smith','olasmith@gmail.com','Dennis Akpotaire','dennisthebusinessguru@gmail.com','Okay. I\'ll be waiting.','1693840031916729','sent'),('65bafb5d-81b8-4c91-aac8-3f919bb5bd0c','Dennis Akpotaire','dennisthebusinessguru@gmail.com','Alimat Sadiat','alimatsadiat@gmail.com','I\'m good. You?','1693839938919373','sent'),('6731f2ae-774d-487c-93b1-6f450818148a','Finesa Finesa','finesa5722@nickolis.com','George Emmanuel','georgeemmanuel@example.com','I would like to code with you','1694322568805977','sent'),('af11ac64-cfdd-4155-ab4b-4c26ee32cc05','Johnathan James','jamesjohnathan78@gmail.com','Chika Achebe','winbit30@gmail.com','hey,\nI\'m in','1694692704743722','sent'),('b8205910-09ed-41e7-a565-b8c4a2e3daf1','Alimat Sadiat','alimatsadiat@gmail.com','Dennis Akpotaire','dennisthebusinessguru@gmail.com','Okay Dennis, how do you do?','1693839923189957','sent'),('c1596062-21dc-4895-919b-8dd88a090b2b','Dennis Akpotaire','dennisthebusinessguru@gmail.com','Alimat Sadiat','alimatsadiat@gmail.com','Hi Alimat. I\'m interested in collaborating with you on your latest project.\nRegards,\nDennis.','1693839837704015','sent'),('ede18927-5146-4b3d-8847-c57d36aa82c4','Finesa Finesa','finesa5722@nickolis.com','George Emmanuel','georgeemmanuel@example.com','Hi','1694322550943075','sent'),('f1890959-1d74-4828-830e-484447828ad2','Shasha T N','hilarytn@gmail.com','Denny Akpos','dennisthebusinessguru@gmail.com','hello','2023-09-12 16:59:58','sent');
/*!40000 ALTER TABLE `messages` ENABLE KEYS */;
UNLOCK TABLES;

--
-- Table structure for table `projects`
--

DROP TABLE IF EXISTS `projects`;
/*!40101 SET @saved_cs_client     = @@character_set_client */;
/*!50503 SET character_set_client = utf8mb4 */;
CREATE TABLE `projects` (
  `project_id` char(36) NOT NULL,
  `title` varchar(255) NOT NULL,
  `timestamp` datetime NOT NULL,
  `description` text NOT NULL,
  `tags` varchar(255) NOT NULL,
  `poster_name` varchar(255) NOT NULL,
  `poster_email` varchar(255) NOT NULL,
  PRIMARY KEY (`project_id`),
  KEY `poster_email` (`poster_email`),
  CONSTRAINT `projects_ibfk_1` FOREIGN KEY (`poster_email`) REFERENCES `users` (`email`)
) ENGINE=InnoDB DEFAULT CHARSET=utf8mb4 COLLATE=utf8mb4_0900_ai_ci;
/*!40101 SET character_set_client = @saved_cs_client */;

--
-- Dumping data for table `projects`
--

LOCK TABLES `projects` WRITE;
/*!40000 ALTER TABLE `projects` DISABLE KEYS */;
INSERT INTO `projects` VALUES ('04f4467c-4a6e-4461-812f-4a980169a7c6','Build a Social Networking Platform','2023-09-04 15:47:53','I am seeking a team of developers to collaborate with me on building a social networking platform similar to Facebook and Twitter.\n\nThe platform will have a user-friendly interface with features such as user profiles, posting updates, commenting, liking, and following other users.\n\nIt will also include a notification system, search functionality, and privacy settings.\n\nThe project will involve front-end and back-end development, database design, API integration, and rigorous testing to ensure scalability and security.\n\nThe target audience for the platform is individuals looking to connect with others and share their experiences online.\n\nIf you are interested in joining this exciting project, please get in touch with me.','Web Development,Social Networking','Dennis Akpotaire','dennisthebusinessguru@gmail.com'),('05e720c8-7016-4f22-8f61-8faeb4541cc8','Design a Logo for a Non-Profit Organization','2023-09-03 16:34:34','I\'m seeking a graphic designer to collaborate on creating a meaningful logo for a non-profit organization. The logo should convey its mission and values.\n\nIf you\'re passionate about using design for a good cause, let\'s make a difference together!\n        ','Graphic Design,Logo Design,Non-Profit','Hope Love','hopelove@example.com'),('0f6dfb2e-2082-4504-b17a-f04faf526ccf','Build a Virtual Reality Education Platform','2023-09-03 17:34:34','I\'m looking for a developer to collaborate on a virtual reality education platform. The platform should offer immersive learning experiences across various subjects.\n\nIf you\'re passionate about VR and education, let\'s transform how we learn!\n        ','VR Development,Education,Virtual Reality','George Emmanuel','georgeemmanuel@example.com'),('105afaac-2331-43b1-bbf1-6ab2e928f226','Organization Finance Management System ','2023-09-06 23:26:59','The App should be able to help organization harmonize their finance','Python,Flask,MySQL,React,Collaboration','Chika Achebe','winbit30@gmail.com'),('1bcab875-468c-4015-95ba-1138d8d4a2ca','Build a Portfolio Website for an Artist','2023-09-04 06:34:34','I\'m looking for a web developer to partner with me in creating a stunning portfolio website for my art. The website should showcase my artwork beautifully and have an easy-to-navigate gallery.\n\nIf you have a passion for art and web development, let\'s collaborate on this artistic project!\n        ','Web Development,Portfolio Website,Art,Gallery','Sophia Turner','sophia@example.com'),('30578ba0-24f1-485d-be00-41e22f587bde','Develop a Language Learning App','2023-09-04 07:34:34','I\'m in search of a mobile app developer to collaborate on a language learning app. This app should help users learn new languages through interactive lessons, quizzes, and speech recognition.\n\nWe aim for an engaging user experience and the ability to learn multiple languages. Join me in making language learning accessible to all!\n        ','Mobile App Development,Language Learning,Education,iOS,Android','Maria Rodriguez','maria@example.com'),('42be39d3-8314-4357-97ac-7625c51c12df','Develop a Travel Booking App','2023-09-03 20:34:34','I\'m looking for a mobile app developer to collaborate on a travel booking app. The app should allow users to book flights, hotels, and activities seamlessly.\n\nIf you\'re passionate about travel and mobile app development, let\'s explore the world together!\n        ','Mobile App Development,Travel,iOS,Android','Osos Inegbedion','ososine@example.com'),('4c785837-4db7-45a0-9c77-ffc5523223d1','Build a Social Networking App','2023-09-04 09:34:34','I\'m looking for a skilled mobile app developer to help create a social networking app. This app should allow users to connect, share updates, and message each other.\n\nWe need a user-friendly interface, secure messaging features, and the ability to post photos and videos. Let\'s build the next big social platform together!\n\nInterested? Get in touch!\n        ','Mobile App Development,Social Networking,iOS,Android','Alexandra Johnson','alexandra@example.com'),('5f1b4373-4fd4-447c-8ac4-d32622006355','Create a Virtual Art Gallery','2023-09-03 23:34:34','I\'m seeking a web developer to collaborate with me in creating a virtual art gallery to showcase artworks. The gallery would provide an immersive experience for art enthusiasts.\n\nWe aim to replicate the feel of a physical gallery online. Join me in showcasing art in a unique way!\n        ','Web Development,Art Gallery,Virtual Gallery','Opeyemi Adetutu','opeyemiadetutu@example.com'),('6da1bb92-8fdc-48e0-88a2-adf0a5b29fcc','Build a 3D Printing Marketplace','2023-09-03 14:34:34','I\'m looking for a developer to collaborate on a 3D printing marketplace. The platform should connect users with 3D printing services and designers.\n\nIf you\'re passionate about 3D printing and marketplace development, let\'s bring creativity to life!\n        ','3D Printing,Marketplace,Technology','Modupe Lawal','modupelawal@example.com'),('730d0a25-a006-4366-96f8-676d17ab46bf','Build a Blogging Platform','2023-09-04 01:34:34','I\'m in search of a web developer to collaborate on building a blogging platform. The platform should allow users to create, edit, and publish blog posts with ease.\n\nWe aim for a user-friendly interface and robust content management features. Join me in creating a platform for bloggers!\n        ','Web Development,Blogging,Content Management','Yemisi Coker','yemisicoker@example.com'),('749ec09b-56cb-4bf2-960f-567e46fbda0b','Build a Fitness and Nutrition App','2023-09-03 12:34:34','I\'m in search of a mobile app developer to collaborate on a fitness and nutrition app. The app should provide workout routines, meal plans, and progress tracking.\n\nIf you\'re passionate about health and fitness, let\'s help people achieve their wellness goals!\n        ','Mobile App Development,Fitness,Nutrition,iOS,Android','Hilda Ezekafor','hildaezekafor@example.com'),('7cc60236-4f09-48d6-8e9e-534006cfed50','Develop a mobile app for a fitness tracker','2023-09-04 12:34:34','I am looking for a mobile app developer to collaborate with me to create a fitness tracker app for iOS and Android.\n\nThe app would allow users to track their daily activities, set fitness goals, and monitor their progress.\n\nThe project will consist of building the app\'s user interface, implementing the tracking and goal-setting functionality, integrating the app with health data APIs, testing the app and ensuring a seamless user experience.\n\nThe target audience for the app is fitness enthusiasts who want to monitor their physical activities and stay motivated.\n\nIf you are interested in collaborating with me on this project, please send me a message.\n        ','Mobile App Development,Fitness,iOS,Android','Alimat Sadiat','alimatsadiat@gmail.com'),('88cf6af5-0e6c-43a1-9ee2-83b54f702b46','Design a Brand Logo for a Startup','2023-09-04 02:34:34','I\'m seeking a graphic designer to collaborate with me to create a memorable brand logo for a startup. The logo would capture the essence of the brand and resonate with the target audience.\n\nIf you\'re passionate about branding and design, let\'s make our mark in the market!\n        ','Graphic Design,Logo Design,Brand Identity','Yemi Owoeye','yemiowoeye@example.com'),('998cf514-9d2e-4e74-b879-f70d8960595e','Build a Sustainable Agriculture App','2023-09-03 22:34:34','I\'m looking for a mobile app developer to collaborate on an app for sustainable agriculture. The app would provide resources, tips, and tools for eco-friendly farming practices.\n\nIf you\'re passionate about agriculture and sustainability, let\'s cultivate a greener future!\n        ','Mobile App Development,Agriculture,Sustainability,iOS,Android','Michael Jones','michaeljones@example.com'),('9d5ac2a9-0984-4317-a180-eda45b211611','GraphQL API','2023-09-14 14:57:33','let\'s learn GraphQL together. ','python,django,graphql','Johnathan James','jamesjohnathan78@gmail.com'),('9d64b66f-8a7b-42a8-af00-4454fce861ae','Design an E-learning Platform','2023-09-03 21:34:34','I\'m seeking a web designer to collaborate on an e-learning platform project. The platform would offer a seamless learning experience with interactive courses and assessments.\n\nIf you\'re passionate about education and web design, let\'s empower learners together!\n        ','Web Design,E-learning,Education','Lilian Salami','liliansalami@example.com'),('b9e90b38-cb5f-4ad7-87d1-89a6a815b466','Create a Recipe Sharing Website','2023-09-04 10:34:34','I\'m seeking a web developer to partner with me in building a recipe sharing website. The site should enable users to post, search for, and rate recipes.\n\nWe want an intuitive user interface, user-friendly recipe submission forms, and a robust search feature. Additionally, it should allow users to rate and comment on recipes.\n\nIf you\'re enthusiastic about cooking and web development, reach out to me!\n        ','Web Development,Recipe Sharing,Food,Community','James Cook','jamescook@example.com'),('c90a00f6-0ba0-4767-8d8e-29f7b1c7d9df','Develop a Cryptocurrency Exchange','2023-09-04 00:34:34','I\'m looking for a blockchain developer to collaborate on a cryptocurrency exchange project. The exchange should offer secure trading, wallet integration, and real-time market data.\n\nIf you\'re passionate about blockchain technology and cryptocurrencies, let\'s build a cutting-edge exchange!\n        ','Blockchain Development,Cryptocurrency,Exchange','Godwin Smart','godwinsmart@example.com'),('ce5d0307-b1a0-457d-83d5-ae2bfd70384e','Design a Sustainable Fashion Line Website','2023-09-04 05:34:34','I\'m searching for a web designer to help me design a sustainable fashion line website. We are committed to eco-friendly materials and ethical production.\n\nIf you\'re passionate about sustainable fashion and have web design skills, let\'s create a positive impact on the fashion industry!\n        ','Web Design,Sustainable Fashion,Ethical Production','Adekunle Lawal','adekunlelawal@example.com'),('d771beab-467f-4005-a45f-59eba893acf6','Develop a Language Translation App','2023-09-03 13:34:34','I\'m looking for a mobile app developer to collaborate on a language translation app. The app should provide real-time translation for multiple languages.\n\nIf you\'re passionate about breaking language barriers, let\'s connect the world through communication!\n        ','Mobile App Development,Translation,Language,iOS,Android','Mark Boston','markboston@example.com'),('d8262086-60a4-4bc1-a21f-4330b444ff67','Develop a Weather App','2023-09-04 03:34:34','I\'m looking for a mobile app developer to collaborate on a weather app project. The app should provide real-time weather information, forecasts, and alerts for users\' locations.\n\nWe aim for accurate data and an intuitive user interface. Join me in creating a useful weather app!\n        ','Mobile App Development,Weather,iOS,Android','Chibuike Ezeiru','chibuikeezeiru@example.com'),('ebc7f512-f4eb-4d22-be1b-861e5e5ad18e','Develop a Meditation and Mindfulness App','2023-09-03 18:34:34','I\'m seeking a mobile app developer to collaborate on a meditation and mindfulness app. The app should offer guided meditation sessions, stress relief techniques, and daily mindfulness practices.\n\nIf you\'re passionate about mental health and mobile app development, let\'s help people find inner peace!\n        ','Mobile App Development,Meditation,Mindfulness,iOS,Android','Ian Clark','ianclark@example.com'),('eee287b2-cbc0-40d0-bbe9-828516d23dfe','Build an e-commerce website','2023-09-04 13:34:34','I am looking for a web developer to collaborate with me to build an e-commerce website using Shopify or WooCommerce.\n\nThe website will have a modern and responsive design.\n\nIt will include features such as product listings, shopping cart, and secure payment integration.\n\nThe project will consist of building the user interface, developing the front-end and back-end functionality, integrating the website with a payment gateway, testing the website and ensuring a smooth user experience.\n\nThe target audience for the website is customers who want to purchase products online.\n\nIf you are interested in collaborating with me, please send me a message.\n        ','Web Development,E-commerce,Shopify,WooCommerce','Ola Smith','olasmith@gmail.com'),('f55b2b93-fc5b-4754-98a2-136b205c0a10','Develop a Community Forum Website','2023-09-03 15:34:34','I\'m in search of a web developer to collaborate with me on creating a community forum website. The platform should enable users to discuss various topics, share ideas, and build a community.\n\nIf you\'re passionate about online communities and web development, let\'s create a space for meaningful discussions!\n        ','Web Development,Community Forum,Discussion','Victor Monday','victormonday@example.com'),('f6cab268-a090-4439-b97d-1428115efef2','Design a Business Logo','2023-09-04 08:34:34','I\'m seeking a up and coming graphic designer to partner with me in creating a unique and eye-catching logo for a startup business. The logo would reflect the essence of the brand and resonate with the target audience.\n\nIf you have a passion for design and branding, please reach out!\n        ','Graphic Design,Logo Design,Brand Identity','David Mitchell','david@example.com'),('f85c2ff2-8018-457b-9c2b-973ade4ec4e4','Build a Smart Home Automation System','2023-09-03 19:34:34','I\'m in search of a developer to collaborate on a smart home automation project. The system would enable users to control and monitor their home appliances remotely.\n\nIf you\'re excited about IoT and home automation, let\'s make homes smarter!\n        ','IoT,Smart Home,Automation','Adedeji Olorunwa','adedejiolorunwa@example.com'),('ff0e89b8-ccce-43a1-b431-01f5380e286a','Develop a Virtual Reality Game','2023-09-04 04:34:34','I\'m seeking a game developer to collaborate with me on an exciting virtual reality (VR) game project. The game should offer immersive experiences and interactive gameplay.\n\nIf you\'re passionate about VR and game development, let\'s dive into this exciting venture!\n        ','Game Development,Virtual Reality,VR,Gaming','Stella Adeniyi','stellaadeniyi@example.com');
/*!40000 ALTER TABLE `projects` ENABLE KEYS */;
UNLOCK TABLES;

--
-- Table structure for table `users`
--

DROP TABLE IF EXISTS `users`;
/*!40101 SET @saved_cs_client     = @@character_set_client */;
/*!50503 SET character_set_client = utf8mb4 */;
CREATE TABLE `users` (
  `email` varchar(255) NOT NULL,
  `first_name` varchar(255) NOT NULL,
  `last_name` varchar(255) NOT NULL,
  `about` text NOT NULL,
  `tags` varchar(255) NOT NULL,
  `firebase_token` varchar(255) DEFAULT NULL,
  `picture_uri` varchar(255) NOT NULL,
  `firebase_id` varchar(255) NOT NULL,
  PRIMARY KEY (`email`)
) ENGINE=InnoDB DEFAULT CHARSET=utf8mb4 COLLATE=utf8mb4_0900_ai_ci;
/*!40101 SET character_set_client = @saved_cs_client */;

--
-- Dumping data for table `users`
--

LOCK TABLES `users` WRITE;
/*!40000 ALTER TABLE `users` DISABLE KEYS */;
INSERT INTO `users` VALUES ('adedejiolorunwa@example.com','Adedeji','Olorunwa','Tech enthusiast making homes smarter','IoT,Smart Home,Automation',NULL,'collabio/profile_picture','6f9d02ac-71d6-4b54-992c-181fe86462bf'),('adekunlelawal@example.com','Adekunle','Lawal','A sustainable fashion expert committed to eco-friendly design','Fashion Design,Sustainable Fashion,Ethical Production',NULL,'collabio/profile_picture','b9611d65-6384-4a5e-8865-d74ba7a4efd1'),('adetayormusic01@gmail.com','Adetayo','Sunday','I am a programmer.','Python,Javascript',NULL,'_N_k1dTDfY4AAAAAAAAALg','4d1db647-dfba-4a28-a851-e119550eefbc'),('alexandra@example.com','Alexandra','Johnson','A mobile app developer with a love for travel','Mobile App Development,Travel,iOS,Android',NULL,'collabio/profile_picture','ff9470bd-f9c3-4158-a20d-e159ec709d6a'),('alimatsadiat@gmail.com','Alimat','Sadiat','An android developer passionate about building intuitive mobile apps','Android,Kotlin,Java',NULL,'collabio/profile_picture','acc2a649-a566-4a5e-b157-f5acbee9b818'),('aliyumusakakala@gmail.com','Aliyu','Musa Kala-Kala','My name is Aliyu Musa. I am front-end web develper. In the future I want to became a full-stack software engineer. I have built projects ranging from CRUD web application, school website and vtu app. I am open to collaburate with other developers.','Javascript,HTML,CSS,Bootstrap,React,Git,Github',NULL,'_N_k1dTDfY4AAAAAAAAANw','eebdd169-f071-47ab-9ed9-194be3dfd759'),('ayocoding12@gmail.com','Ayo','Hassan','I\'m a programmer, ehtical hacker, software engineer and graphics designer','Javascript,HTML,CSS,TypeScript,React,Vue.js,Angular,Ember.js,Svelte,Python,C,C++,Ruby,Go,Rust,SQL,Bash,PowerShell',NULL,'_N_k1dTDfY4AAAAAAAAANg','3946a992-e2e3-4f61-be27-913139430630'),('chibuikeezeiru@example.com','Chibuike','Ezeiru','A developer dedicated to providing accurate weather data','Mobile App Development,Weather,iOS,Android',NULL,'collabio/profile_picture','bd8742ed-f500-4723-bea0-84ecd25a1786'),('david@example.com','David','Mitchell','A graphic designer passionate about creating visual identities','Graphic Design,Brand Identity,Logo Design',NULL,'collabio/profile_picture','d59efc6f-eb99-48a9-83af-219d04cbe158'),('dennisakpotaire@gmail.com','Dennis','Koko','I am a talented software engineer','Dart,Flutter','cK4RrJMVS4maEvV4Xpe5ED:APA91bGIktPIQdrBXEQv3Cn5GmQP4ukV3pThjSteCr3oUA03Chf2khbvlryb2VFPs1s9tp-KOKS3dwiq4GUBdo9mOpVGfxOVQtRHZ5EzDouNUo33IcGc8o1ebbyHPfJEeayU2051u1Z9','_N_k1dTDfY4AAAAAAAAAMw','0d8c4bb0-df95-4e5d-99b7-6437df8b99bc'),('dennisthebusinessguru@gmail.com','Dennis','Akpotaire','I am a software and android engineer.','Java,Python,Dart,Android','fSVHLJEvSUG452cn_TduHY:APA91bF9xK32Kwr5YUfND0Ox5AXNKDQkwnQjIBz-n0iTbLnbaMsHdlRdSCkGnS2gDkt9kvQEzEzWAtZ03BLd73Gvf3Y8Z1hzqHtt_A_CclGv2FZDQTnrQA-2e7yFDm_zx7ZVO5mavlV5','_N_k1dTDfY4AAAAAAAAAMA','a1209ebf-dc34-4c3e-82bc-61fc20e148ac'),('elsamakins@gmail.com','Samuel','Akindahunsi','A full stack software engineer.','NodeJS,ReactJS,React Native,Python,MySQL,MongoDB','','_N_k1dTDfY4AAAAAAAAAKw','dc1def2f-1ed7-45c3-ae4c-cc9aaacb57ed'),('finesa5722@nickolis.com','Finesa','Finesa','I write code','Java,Python,Css','exNjpKQaS3uZeapV3OyWIJ:APA91bEqGB0fGn-y7IwPjPPEBmL8nZnevRJ7UXHM0riexmXOC2jg0llgpg_s4xO_L8o6OHI9eE5kCyCDkY3LzaKmrPYqcgPTDjX_487havxa5ZtuiNrzk9t9L1Ye2cS9wsJ3EuO_cFid','_N_k1dTDfY4AAAAAAAAAMg','540434a0-1d81-465e-b499-e3e4e3d376df'),('georgeemmanuel@example.com','George','Emmanuel','Educator pioneering virtual reality learning experiences','VR Development,Education,Virtual Reality',NULL,'collabio/profile_picture','3da7ef60-ce5b-4f3c-a8b6-0fff05fe114f'),('godwinsmart@example.com','Godwin','Smart','A blockchain enthusiast creating a cryptocurrency exchange','Blockchain Development,Cryptocurrency,Exchange',NULL,'collabio/profile_picture','ebd12f74-2670-4073-9ba4-9dadac943322'),('hilarytn@gmail.com','Shasha','T N','Embedded Systems Engineer','C,C++,Python,Arduino,Raspberry Pi','','_N_k1dTDfY4AAAAAAAAALA','79fdc949-91fc-47a1-81e8-e78c1b809dc0'),('hildaezekafor@example.com','Hilda','Ezekafor','Fitness enthusiast promoting a healthy lifestyle','Mobile App Development,Fitness,Nutrition,iOS,Android',NULL,'collabio/profile_picture','6b325159-8ba5-49ba-a64a-8408f37d9d19'),('hopelove@example.com','Hope','Love','A graphic designer working towards positive change','Graphic Design,Logo Design,Non-Profit',NULL,'collabio/profile_picture','cb11dbcd-a29c-4dac-a765-c9ee49dd6219'),('hworld_ent@yahoo.com','Esther','Olayinka','Learning software engineering with ALX','C,Python,Javascript,PHP',NULL,'_N_k1dTDfY4AAAAAAAAANQ','22cddda7-c6cf-4ce7-8f1a-9b6a73e2dc00'),('ianclark@example.com','Ian','Clark','Meditation and mindfulness enthusiast creating a calming app','Mobile App Development,Meditation,Mindfulness,iOS,Android',NULL,'collabio/profile_picture','c9ab88c2-8374-4ec8-8692-10bf32c04351'),('jamescook@example.com','James','Cook','A passionate web developer and food enthusiast','Web Development,Food,Cooking',NULL,'collabio/profile_picture','17a0ba90-91f8-4aea-badd-88762550c860'),('jamesjohnathan78@gmail.com','Johnathan','James','DevOps /SRE','devops,backend,python',NULL,'_N_k1dTDfY4AAAAAAAAAOg','ac02c889-36d5-44d2-a456-6ed53862b718'),('joshodey@ymail.com','Joshua','Odey','I\'m Joshua Odey, A software Engineer with an expertise knowledge on C# .Net, having been conversant with C# .Net I\'ve been exposed to technologies like EF core, ASP.Net , ASP.Net MVC, ADO.Net, SSIS, Blazor, SQL and NoSql and many more. I\'m also an Agile leader and a proficient and excellent engineer who believes so much on efficient codes.','C#.Net,EF core,ASP.Net,ASP.Net MVC,ADO.Net,SSIS,Blazor,SQL,NoSql',NULL,'_N_k1dTDfY4AAAAAAAAANA','a023c59a-f006-4ead-8349-14850db031e9'),('liliansalami@example.com','Lilian','Salami','An educator and web designer revolutionizing online learning','Web Design,E-learning,Education',NULL,'collabio/profile_picture','6a38737b-c8ba-460b-86d9-46a57ffe2eb9'),('maria@example.com','Maria','Rodriguez','A language enthusiast and app developer','Language Learning,Mobile App Development,iOS,Android',NULL,'collabio/profile_picture','83d29545-3ffa-4fdf-abb4-3f64dcd1760e'),('markboston@example.com','Mark','Boston','Language enthusiast connecting people through translation','Mobile App Development,Translation,Language,iOS,Android',NULL,'collabio/profile_picture','d8c1218b-e51b-4736-acee-a3b0fa08ff93'),('michaeljones@example.com','Michael','Jones','A mobile app developer promoting sustainable and eco-friendly agriculture','Mobile App Development,Agriculture,Sustainability,iOS,Android',NULL,'collabio/profile_picture','8211d9c1-7053-4d77-acc1-25345512567f'),('modupelawal@example.com','Modupe','Lawal','Marketplace enthusiast connecting 3D printing services and designers','3D Printing,Marketplace,Technology',NULL,'collabio/profile_picture','fadd7366-eac3-4a11-86b4-d1893149f66f'),('mohrimuakpo@gmail.com','Samuel','Muakpo','I\'m Mohri Samuel Muakpo, a passionate and driven software engineering student with an insatiable hunger for all things frontend. Aspiring to shape the digital world through seamless user experiences, I\'m on a thrilling journey to master the art of HTML, CSS, Bootstrap, JavaScript, Python, and C.','Javascript,HTML,CSS,Python,Bootstrap,C,React',NULL,'_N_k1dTDfY4AAAAAAAAAOQ','f10c9c83-368a-4e77-8d1d-9996af64f169'),('olasmith@gmail.com','Ola','Smith','A web developer passionate about building responsive web apps','Web Development,CSS,Javascript,HTML',NULL,'collabio/profile_picture','9aab543c-7855-4008-8735-4f2c5a6215ef'),('onchemoses38@gmail.com','Moses','Onche','My name is Moses Onche. I am a front-end developer.','Javascript,HTML,CSS,Python',NULL,'_N_k1dTDfY4AAAAAAAAAOA','49b56694-e291-45c7-a60b-7758ab5ebfb2'),('opeyemiadetutu@example.com','Opeyemi','Adetutu','A web developer and art lover in search of an online showcase','Web Development,Art Gallery,Virtual Gallery',NULL,'collabio/profile_picture','82d68fe9-4ee6-4ef2-a069-b09e83f6fdd7'),('ososine@example.com','Osos','Inegbedion','A mobile app developer and adventurer creating a travel booking app','Mobile App Development,Travel,iOS,Android',NULL,'collabio/profile_picture','6584ebc6-4c44-42f4-a7f6-8727071c6b15'),('sophia@example.com','Sophia','Turner','An artist in search of a digital canvas','Art,Web Development,Portfolio Website',NULL,'collabio/profile_picture','134f8b08-f23d-42a6-ba2d-fe26519e178f'),('stellaadeniyi@example.com','Stella','Adeniyi','A game development enthusiast specializing in virtual reality','Game Development,Virtual Reality,VR,Gaming',NULL,'collabio/profile_picture','535124e4-029e-4a8e-9244-d6fb6f05ef0d'),('victormonday@example.com','Victor','Monday','Web developer and community builder focused on creating a platform for discussions','Web Development,Community Forum,Discussion',NULL,'collabio/profile_picture','efb7e584-1215-439d-84d5-8eaa3bb55f85'),('winbit30@gmail.com','Chika','Achebe','I am a backend python developer','Git & GitHub, Documentation, flask, python and more,HTML,Bash','cY-18i0mTXaW16XhMUi6fH:APA91bEA1EkQDOW7l7tTi7EJJPJ9AQqve_iNR4OEbmxOk_r1XZbaT-jGHWmX_oZwNlDxvd1HMYF3yZuzwDXIx5y3kobgX0HBbZ4uKFjqUiTxUVaq30G7gRjLNhgCw4tMHTYJqxr51Dpi','_N_k1dTDfY4AAAAAAAAAMQ','6001ed64-6168-4c87-b4e3-382015a0adb7'),('yemiowoeye@example.com','Yemi','Owoeye','A graphic designer with innovative ideas','Graphic Design,Logo Design,Brand Identity',NULL,'collabio/profile_picture','025c01c8-3832-4219-9748-8fc9dcf1ec3d'),('yemisicoker@example.com','Yemisi','Coker','A web developer interested in building a digital platform for discussion','Web Development,Blogging,Content Management',NULL,'collabio/profile_picture','b1c0c3ff-70fe-491a-a568-5ce8d67ffad0');
/*!40000 ALTER TABLE `users` ENABLE KEYS */;
UNLOCK TABLES;
/*!40103 SET TIME_ZONE=@OLD_TIME_ZONE */;

/*!40101 SET SQL_MODE=@OLD_SQL_MODE */;
/*!40014 SET FOREIGN_KEY_CHECKS=@OLD_FOREIGN_KEY_CHECKS */;
/*!40014 SET UNIQUE_CHECKS=@OLD_UNIQUE_CHECKS */;
/*!40101 SET CHARACTER_SET_CLIENT=@OLD_CHARACTER_SET_CLIENT */;
/*!40101 SET CHARACTER_SET_RESULTS=@OLD_CHARACTER_SET_RESULTS */;
/*!40101 SET COLLATION_CONNECTION=@OLD_COLLATION_CONNECTION */;
/*!40111 SET SQL_NOTES=@OLD_SQL_NOTES */;

-- Dump completed on 2023-09-29 17:54:35
